file_hash,decompiled_file_name,raw_file_name,d_lookup_vs_decompiled,d_lookup_vs_repaired
025bcf101990c51854d7caa7c53055cdd6e9119e6c5e1764245bcc37ecb1ae92f73c434a962f41411729e6b5a722479e7c5736b316c6f007328524c6bd0f2531,decompiled_jvccommands.cpython-312.py,jvccommands.py,1118,1450
008769cfa97d59dfa51e62b706c58395c46bc887a981999499f691e1b8e3d72b11f4cc31c12f4b236a60333d7f2c4f54906ad5bef214fbe0b385345efe94063d,decompiled_NISQA_model.cpython-312.py,NISQA_model.py,1037,1055
0021a4762616818e8d4132c6c47a120fa08d8c5fa099382ae4fa21f4b418b33ff0fa26b8b85f9f6437cef7ef4b97b54b1ee70e824cf50bad14e41739f370a500,decompiled_feature_node_universes.cpython-312.py,feature_node_universes.py,15642,15546
00c778a21a451602c67e92625cfbad1c5ecd17c94079426d1b2919595579c1d32d9673d2134f9c61a80a321e74b621853385494f07415bfbca3bc0901223badf,decompiled_icl_prompt_template.cpython-312.py,icl_prompt_template.py,160,150
008c16378fbd7120241739f31e6c167ed73c7d44255c208fd4b4c4922d421731dddad0727cb4d8e114a41f56296185fd0a4f0462c7e7d4448b3fcff8a17615ca,decompiled_bier_template.cpython-312.py,bier_template.py,4210,3543
009d50defcb40f008c3e2289e85b2d2bc74bd2f06b008d45d81b954ce7d0a8a5437ab56c0557bcaa19ab0f17afeef670c5be934d4170cde47d7f61ac548d1128,decompiled_bigone.cpython-312.py,bigone.py,3056,2828
0253cf135a521e0fc84fa527b09e38ddd53ab7e895a4552633b2af1af079d88a69a2f894a9e3208b6065c162606f805840708d3be0d2048d5f1439866833b15d,decompiled_qupath_reader.cpython-312.py,qupath_reader.py,284,276
00ef84723bf152924c9e2c63d7899bddf958556d0a0583189a0f07dfdeb34eaf1277607e69dec84d9c32b77bf51aa48b8818fdb75c972b8e385513967b9abdb4,decompiled_jira.cpython-312.py,jira.py,111,114
001cd58f00fdbcde414b3d787ac1e0a32a8e7954abfdf3dee91851ee3333e6815ff117e845cd5b7c96b14a61a81640f74c3f83551cff978073396bab7751eb1b,decompiled_test_check_amarisoft_stats_log.cpython-312.py,test_check_amarisoft_stats_log.py,41,51
0252292835794a65dc77d88941e4a7ea2ae508c13a0c16893fc720b942669fc11b144dc35e2ec0aeebe8b2e5943fb5e88e0e022201ca1f2ccea4b0d14d0a5bb1,decompiled_MusicHelper.cpython-312.py,MusicHelper.py,318,671
02b48494e86b973d49018fba550dad02e443b6c8e7831ddae598e811f02c85fbeb72a2f8b478ae0876f7ce16f97cdf6f2a3d20532f74ebed06648e4c2c08fc33,decompiled_kubernetes_cluster.cpython-312.py,kubernetes_cluster.py,32974,30911
0049b3e8bb53f8429af08ace48e8ec78642c1257a1dcb9cbae8c94c04b0a2541a76a96f044346b6cf16f90414ebeaa5a8af2ccb37099816c4a8f958a40912656,decompiled_preparer.cpython-312.py,preparer.py,302,319
00c4dccf9d7f21846040a3abe4c9e1fee71350407818ac7bd055aefb9e04bef04410868d65518571d74930f98d995cb5783fc7b58a88d59b5a352f70ba16bd58,decompiled_threads.cpython-312.py,threads.py,371,790
00691fdb5e97d9583b08acdbc20f859bd428a87ba30a212b0100ca676e87a53a74e1298b265e7312165aba9498f35429eaa1eef3d3844126b934b5a650b747d3,decompiled_get_contest_codechef.cpython-312.py,get_contest_codechef.py,1302,18678
011cf3365f18329fcbac4bf38f7c0c69faa94fbed5689c19a2b162644034d9702c2669fd005836f7adf60146d7092bb9139d7006c7b00df8bbc91f0fbc31b19d,decompiled_climate_mode.cpython-312.py,climate_mode.py,4028,383
00109c98fab299db82ab241c129b10ef710efb357475b2805018f5936d9bf0f980b761a39145ba20b4021c3e65681981116d4637c0cdaeb7cf8ccb06d4794de5,decompiled_region_network_endpoint_group.cpython-312.py,region_network_endpoint_group.py,1814,4990
024a124140f32a4744f9f579f094d7e4dd8b09b269b9c333b38d84dcdda4ff8482c6e823b05b4f70aa030193f487b8390d44065e27fc1829e093cec037667b11,decompiled_bitrue.cpython-312.py,bitrue.py,8303,8618
023de8759614bdac6c86cc97a7adfb135f228ea69be5e9c7d300d1566cf082efdf8466828cac08e8118a38e1b99f7c8ed228955ad964e8401f86109dabf9e2f7,decompiled_pnmtdparser.cpython-312.py,pnmtdparser.py,816,815
0282c7bfb1d156f990892a3f93ef860f74aeeba5be4a58a26492488142fe0b3862c54cb5f865755d677aedbd9b07fe1f69866f1330fd72f525710268fe9f2203,decompiled_FSPGrowth.cpython-312.py,FSPGrowth.py,1063,1468
01cdb36d201ef586742b3df349a5fd450cc469010fe4e2a4c8d012c19fa2e27f18ae18625d6569af8780354c4019cc49c0dfcbf3fceaffa94f7b8e431fd1a678,decompiled_test_scale_to_zero_to_one.cpython-312.py,test_scale_to_zero_to_one.py,131,122
022d1ab7c3a4d7bb7791101cde3b8eb7acb7e8241c26df70585201f2442523bf6ba1c81e67bcab38abb535b28201ec139906df17784d0685d97b8bb540a12c09,decompiled_wiliot_tester_tag_test.cpython-312.py,wiliot_tester_tag_test.py,1520,1566
013c228ec0376b6d18092d0629bc25e36e85491a45d2071562f3c80a66f183dec8bbec1157099222a1bbd0f781fa74938a88f414347f9479725d9253be7e943d,decompiled_spoke.cpython-312.py,spoke.py,792,312
026aee4689eac196dc3e86e2c2f56347553968d4f250f7d8e106217c1b2139641f857d878075e61a7445615f62e7162678e31e6753dbac739bbdb13d8e6e141f,decompiled_test_middleware.cpython-312.py,test_middleware.py,128,298
01b3c8df4486bdad3899543ab10b566277b6fc1e0b597f8a494746e69ab1651cd072aa1e417e8108f8a712642227a4dd62be348b457a09683c998199401d20c3,decompiled_bank_applications_idp_api.cpython-312.py,bank_applications_idp_api.py,3692,252
01a61df33c4a5683638cad8430361840bb41916728994284d50ba0beb88bcca7c428f30399b6f5d3daf0a139445e22409299c7e3f6975d3040b9bbc5db02fac7,decompiled_ctfs.cpython-312.py,ctfs.py,164,166
0102225e79ca17472083bc3328065ae13eca36f441a897484535d6dced8bb03824b8d4e7bf615799ab3091212ba7525e3384532a01c93cd8c4f4c60e345dc858,decompiled_test_reporter.cpython-312.py,test_reporter.py,863,860
02c403a767bc73fa383e225b7d6eb521ada8efa2c73734db90b2e4446503e29dcb2850bf19b184d76ac95e3886f9a66310a5a7a7d610fd14cd39a8b04c9458d0,decompiled_get_disk.cpython-312.py,get_disk.py,803,638
028027f194d4af1798cfe1fd295ce231e05fd348ebb5c62456098ee5432159c3b44e595d927f570e23946c2fc6080fe43cda82310f3133fb593e0389f0cc5a52,decompiled_no_tears.cpython-312.py,no_tears.py,867,1093
00e6dac93bc153403541045d71c81637c21b5db4da47721343096e04e4d912ec8384a0311696fe787966acd75b9c7a6813182096c724de76d5aa364e5ff81a91,decompiled_run_config_utils.cpython-312.py,run_config_utils.py,1164,2062
009cb330b0999c2a5ef507b06b952e7c36f21da0fba88ace2bc6e8dc0276a0fdb05977963572d1626bbf7afca10d691cb8d147a447c18369dacaaeee12f5df6b,decompiled_node_cpu_analyzer.cpython-312.py,node_cpu_analyzer.py,130,90
0240df9bddd21bf2aa1c5eaf5ef52097eaabf4c4833f4a08d246249c34cc098e9dc030199346cd7773cb3cf32253994711ace4348cb8313290d2b42e170feda5,decompiled_audio_utils.cpython-312.py,audio_utils.py,120,252
02ef3e50ae61216135f12e1e34659990989c790315eb0b81362d1572851708e52bee2aafc9bbcc811f3e967f242fd024a0dc7fb18a66116cad5f28e520743a9e,decompiled_config_helper.cpython-312.py,config_helper.py,45,54
00f99c52c2ac3a4fbff532cbb3d96c891ea3df1dcb8527d7fcd96627aedcf802aa00e4589f2d606ad89ccbf99573e991cda7487cdbcba077fbe06102f1081409,decompiled_cloud_cost_allocator.cpython-312.py,cloud_cost_allocator.py,272,168
000f936110e4ab1b91d3ac4dd3849cf2287ec0f39dc8080714fc22c71cd76bed788b6f172e0f8ef5c4ee674feb356229f80280c6a745e12c3887d6fce1c5f41c,decompiled_logistic_regression_classifier.cpython-312.py,logistic_regression_classifier.py,106,98
024de4b21a4dd360319d39ed295b6126bf6ebbdfecff4dc74360556d5e427b0d4ba13d7f990035f89381d648de2a64eef667241cdaa615f0acfd129d4e4c1e21,decompiled_global_address.cpython-312.py,global_address.py,728,617
02456522d61899c40d36b727d89185287498bd619fde8fc11ab380388157cbda5e7305640c10d632914c9f7a19cc725ee55d5dae7dbe47e2f50b7a5cfa3d1685,decompiled_L.cpython-312.py,L.py,92,39
00ceb28a258b40b3efe0bc5e6175fa2f8ac9dc0870b72c8391db760fcb08c1d9ad86994364ccda406d999728dcfceb5e66ec1ed5369eda8370e12bb7873a2cc9,decompiled_na_elementsw_initiators.cpython-312.py,na_elementsw_initiators.py,353,156
016ab140eb555a99135456a9af8b1de305c212898fc90a7f308d299c20dfb2de6d90157c0bef8462cacb1730345eb87f300f121f94611ee1a9c50523c9a68cdc,decompiled_test_resolve.cpython-312.py,test_resolve.py,303,304
00d75f5ff1d1bb3fb37e073961132fd083a4e360d588f28fefd495a8fb8ca0fa0e6a686c3b140c61c361e6398570f5203293cec93c7b6d0dfdd10ea48630cb47,decompiled_sdk.cpython-312.py,sdk.py,1285,1602
02c65df8515c4a061a044d617bf4e4442ab3e0b33f67bae9aabf88bbce1d3a3adbab0503a8dacc7069cdc419826e7ab786958ce9878941b0abd3548d2161041a,decompiled_protocol_loop.cpython-312.py,protocol_loop.py,397,460
02d9551b5d454c525add197179ba0bc989faebe9754ee42ecc2dbcf948e4d1f5a7afa845379236f02a171b09d583277d3a624b1b2696a00e2f863adbd445a45f,decompiled_logentries.cpython-312.py,logentries.py,184,208
02c2a6cedbc9c886fcb1d39e4e4d8231980214225a9dbfbdf89ef39f8768e0a77cdf27338dce1b5f2c56872ab5b2199115d7ed3dd5bfbb8cb7d25c4b62ba131f,decompiled_LogP.cpython-312.py,LogP.py,1896,11390
01fcc7c72d2a78a88ad18f25b5042f39c9542c6273ee93f2d99ea795b9f3f76225eb3cc2ee866fa39545b1367ca3993227be4f2aefd5fdb87cf5ac7d15e5d9ef,decompiled_log_viewer.cpython-312.py,log_viewer.py,218,54
02394b74a14ad8e8217e46b5026f9946ae8cb28894a66288fcd8627201d3416876d2d129b32074ab4d36f1efb2e836f4c34d2910508b744ace36f82f51bcfae9,decompiled_hubio.cpython-312.py,hubio.py,835,49524
0266ccaa14125ca5f0ced2da7f1fa84080b66885c00f51e00bd8b0c86d889b013b61a6d22ec946e531ec393118e8e081f279af8c86597f7b27db159f2899da0e,decompiled_points_sampler.cpython-312.py,points_sampler.py,114,859
01ee0df15be540b4b75d8b9a263ba7d951a3d90102c0409db00cede47b0073bd3939137b07694acf00e80fdbcb8ad8bfd4c80ef231233c86050380e34dd92152,decompiled_okta.cpython-312.py,okta.py,2737,3712
000d9fbfb6d6860a21c944ea474c64384f7724c96e88cffeb0e501dd7eb4d33f2a8f38c4f1c05f778a98714f079ffacde2b7dad22fa32ac31c06eae64c54da68,decompiled_test_import_merge_sync.cpython-312.py,test_import_merge_sync.py,1480,1469
01aae9edd439af0670ba65477cf72f6b63ea8faa69aa121e6968fae85e956f9a53a436090f5a1f6cc83058b282c8735d1d7cf7f9676c9cf9bf4262decdbbce02,decompiled_DamageVulnerability.cpython-312.py,DamageVulnerability.py,226,13
022b12eef6b2a8eeab59bc09802d4b54d74943155bd94dc3ce81297caa420294b1dae2146680fbd714ad50dd4d3ef50abb24fc0f9dfd7d94e0b4a5272a1ca753,decompiled_topic_topic_network_gui.cpython-312.py,topic_topic_network_gui.py,633,664
0187a405c6d095830e50dfc8c679d38c71f8171a78e668363b96024f4095c3ebd17f94c52a3b419c85c0793a8569b771fe470ac69bf6cb3fa7aed573839c5034,decompiled_DemoCentralWidget1.cpython-312.py,DemoCentralWidget1.py,10,10
00e38b7ad21d2e67f275b86905bbbaf514e9bd00508c191e6e5e4e39336cfa13ac7566d08a6747480e93593867ba7f1edb546847eee08269be6b042bf782d694,decompiled_Interp.cpython-312.py,Interp.py,175,147
017b551968a68ccd950b08e5ff62053c56beff094b0898e4855c251e5bcb6024c2d1a36193ae2a1f1faf8009cef764994640bc8e101f04d23f22b7b2b5d7decd,decompiled_basic_words.cpython-312.py,basic_words.py,7787,7787
00adce9caef767c6895c3504ee81ba2eefcb8a5f0aaa1c8451e484a32723141ee366436a9c20e5c1832b88695f9c584d5c307a48ba5057162b413d40d5c6633b,decompiled_filter_design.cpython-312.py,filter_design.py,18404,22803
015583cf949990a6d573d5295523342a7d73e7c2045515f99df3039b6508e6018a7e7241279153e28250bc8c4ca978e90b82cff920c46e2d45288e7cc4a99154,decompiled_virtual_network_gateway_connection.cpython-312.py,virtual_network_gateway_connection.py,3956,2838
0072a479ce71bc4280bda3d0c4eaf7bc7594076f53dcf988cca6fd9e194f748fe691fa4187701c022187ac3a88c3965971d6ccad67c6d37b95796d4429b23b53,decompiled_backend_pb2.cpython-312.py,backend_pb2.py,38668,30625
01cec3523daa82718cd5798ac2124db372c98cf4a1d750289d1d78a6b824041ff254ff080d7781e1126068c8f870edeb7d8d3551caed41adc4092fb59e12b111,decompiled_pattern.cpython-312.py,pattern.py,998,980
00a512d9a1368cc7559d9b5f5014e4a19eaa36d9fe6bb9b77595e76d1dd201445f3b4cf6d11ff025fcc8ed23d45156ce62e5227b9d79f28f07e11b135175a5bf,decompiled_dismantle.cpython-312.py,dismantle.py,416,408
01f964008e9fb4e95c019bc939b15a00be9741ff145ef114320ad323948a1624ff5bb42d4b4b507f92e3420d82105dfb618f54a9fdf0708cb4b38fa062fd7f90,decompiled_gmail.cpython-312.py,gmail.py,49,60
003436e6465bb0fa0e7395c9f5d4334b5b59357adfb7abe01f040bb2b2f3f4f0070c7548be656eddce9d2567e28a2e34d6503ff867ff9389c487453d0602f2ca,decompiled_apk.cpython-312.py,apk.py,297,293
0041c5c7cd584493cfc652de507ebe8e8379284fcbbb8b1365a9253bbc02da0f7e6ee0cdce8f59353ce956656e62bb93fb3230ede1c536917ef5f4d49b438093,decompiled_analyze-dataset-batches.cpython-312.py,analyze-dataset-batches.py,269,349
014c4f12be08b58ceea8fd8470cded1e5bf0e01ef47be03e22ed935354f838fcc0bcd0dbc642f8ac7d414493292290101ad40eb85cbf87e112702c52f7937a98,decompiled_events_tree.cpython-312.py,events_tree.py,606,178
01dd4ca9a4443f62c51f1fc37bb6862866e3514875a3ba8c7a0b9c81788937a7298cf4316b826458e1ba3288718ac8a53fa79d8af3a386677a3f3cbe3f787e79,decompiled_stratify_test.cpython-312.py,stratify_test.py,1271,1408
010ae871f45b84d0a7bf5224c1ac7d4906932c8478ff44f0f34d46693f17c9717e03610466f4370dc369c558d581d3a5fb7868ff5cf0e5723fd38331978a5a1c,decompiled_update_languages_request_v_next.cpython-312.py,update_languages_request_v_next.py,5592,5586
02eceb611797748b42097f7a1660af6a49bafb0eab7bc6e07d14f63530487922e03fbc92ae059116621b2bffefc537691c9acd24c2219eb4b450195758b14300,decompiled_test_ls_disk.cpython-312.py,test_ls_disk.py,365,101
0212e98177af9ec6a22c9d8d1d1a61c87a2f8c9c2315fa688e77a099d52dd7e817f16d1d34f836c4fa46f6a41bf2f6f1065176e8a0bf59bc57544007444eec22,decompiled_normalized_project_revision.cpython-312.py,normalized_project_revision.py,77522,28236
02bf6ed01dda9ed8a1b55e1c208de53f2419a8f1432011f4dde28d14423b99bab5aec8a2314f38465b8daaf4d8dbd1a1a8b16edb66babdff359d74e65bba727a,decompiled_missing.cpython-312.py,missing.py,1047,824
02054e3bb0872d89f342eeddc0e380c9793a4b09a23eba269df5e8811bc572159ddbf71616d94cb22b48edb7c76854bb2817257e2bbe76637205d7fe044acc88,decompiled_lineage.cpython-312.py,lineage.py,2111,2312
006a1f9f4b7a46f9e107f72c36ce70b5bb16173ab40d7950e588ac27aa7e568388d4b417bcab8b4318146e8dd20a15f6b494547fa71e9a93af6c49ba0443e738,decompiled_file_api.cpython-312.py,file_api.py,1955,1931
00f16c285587300316a8a65311100e08dd16b619912830d1de8865ea9691e387c8d0c2835ce6ce2dd08bec8a91b705ade7c4d3766bf737e43686ed3bf8194b89,decompiled_web_application_firewall_policy.cpython-312.py,web_application_firewall_policy.py,579,3236
0121e647a2f2d677221ef7d698f6ffe1af60934b9c06c99b5e99bae18bfcb1784561e32e10676f0014aea5b4bac3978b35111b54e2cf2bc49fb7aa894e8f3eec,decompiled_sensor_parser.cpython-312.py,sensor_parser.py,1280,1410
009b1e35b56cc8dd0a9cc81ae0453e56c3629653e38a0f429335db0a01b7f583350c2b7e3cc2e54cd21f4507d967ac0c615c2e7e11f1e20d2e18d04256db59e7,decompiled_fstring_number.cpython-312.py,fstring_number.py,168,230
01c9dd071b7ef45a6ef5ecdd9b6cc6399ce4d9c3a3bee559c1156de2bc1fdfbbb9c1dfd05954c4d8bcfe6287aa5d5f67f6fa38b7a13c9a8e511a5a166b22f856,decompiled_fmgr_dvmdb_script_objectmember.cpython-312.py,fmgr_dvmdb_script_objectmember.py,986,1016
02de21b96df10a02c66ec57f41f60ec1a51e24efea88bae1cb2cca279e458405035417fb7f5af260e74dcb79d733063b7cd5483fcbda0906bfa4ccf503872a71,decompiled_watchlist.cpython-312.py,watchlist.py,2591,5486
000fd98168d54dfddb438fb3b8c0a6f7f4922b17c5428cfab190e8f07eaaf450f5d98c2b202b8b07f173f819233cd4d546e45d2d21658cc34651d491374736c0,decompiled_samplechanger.cpython-312.py,samplechanger.py,219,234
007319fd045db84560791bcf3cebca9ebb8cb0c2bd8f50ffae89939451dccd01c0136089a34f945f14a2f710267438fcf1cf07bc9a29360762a081b9dd05dc50,decompiled_event_subscription.cpython-312.py,event_subscription.py,1028,6088
009482c02c22c08724c2514da05962eb0591cba83fb7df8a3c88414f445c811cef56c5f82195a42cbe4862e3572995c93431f3d3693d76ecf04590e59a6e948f,decompiled_api_stock.cpython-312.py,api_stock.py,859,871
01dd5870fbc253eb95917c23082742564bce60fa17a92a2d621931f7a1db5803c9a6e27efc8c806b7927f1225e4581f2d44886dce52e14ae5fd47d00eaeeb582,decompiled_LaueNN_pyScript_1_or_2phase.cpython-312.py,LaueNN_pyScript_1_or_2phase.py,2500,4673
02e832cedd2ba815730008b08d9bda494e9bcdd939fa8e9a42a7931b81fc225abced1a391d107f90257746e2e131327942ffa2c102d3dfe62e6001ea53489fb7,decompiled_eovsa_imager.cpython-312.py,eovsa_imager.py,1301,1218
02ddfe82bd3389cb68ad74f2eccb7c753b8ae31b8cc378f01a9ce14b45ba3d5ac76b4d710132186163b0347cc36e660250c1aef77e06b6a123495478f19f800c,decompiled__network_management_client.cpython-312.py,_network_management_client.py,867,856
013de4c751e8225ca06516e2cefdb547d57a4fe085d8be14518601440bd65ecb404bcbe6dbf6824acc02aeda0c2fdb4a73a5e1ea611232a2ae0f532fef84f35f,decompiled_openvino_models.cpython-312.py,openvino_models.py,71,69
008ce42f16af9e6d5e2a92c94288a1a974139fed92be92401a8ca3af19e5addf473da88325a19e8fe72f9ea34b078da085172244d0cec956d0fe00ddced80153,decompiled_fortios_system_ipv6_neighbor_cache.cpython-312.py,fortios_system_ipv6_neighbor_cache.py,2161,2122
00a3d3b752325bb48a8af1fe4221545648f5b1c39fa2105d37d4b460eedd595f85d7145333c360953f9bc03dc4832c9cddf105314815e0a91f88ee8923d44de5,decompiled_uiawrapper.cpython-312.py,uiawrapper.py,529,570
02e9c1ce469025e50545b8aa19cb3488c25911a86bd0eb52c415525380c115d39fa398defe4d581232c9932a41bff7ebf532b2d65b3e76b3c4e0acca82ad3eae,decompiled_pride_month.cpython-312.py,pride_month.py,108,212
008918ff9b2c791d9d892df4f2592c9761fd2190421346a12e182f04b4890505bb14d5cc2c6d3138fdc49b1912d5b36b66de1953c3446e3622b9d18806531ba3,decompiled_service_pb2_grpc.cpython-312.py,service_pb2_grpc.py,1642,119
00eeda5f51c7f20907074312903a2191c0d614bcae96f0eb4060095066f1ae540df0e093e057271f7c8788c20bc234b21aa2ca2448358a3e9670e0b3a1ecb097,decompiled_na_ontap_qtree.cpython-312.py,na_ontap_qtree.py,751,744
02a312ca6887741ecf1e7c5c74d220f9cb31b134c8cb4c677ee8c25ef58dca022beaaaa538eacf5a51625b27e46b1dbe3a9d2a94632ddafc5b915a11a746a58b,decompiled_io_t_role.cpython-312.py,io_t_role.py,623,797
0259723cfb67adca00d7a3583351aaacff554eeac7f8e53d121e9cd9c38b016a0a92cce326192175a9e9034bfbc2173b30cee8cf27745edda40780e3db61937f,decompiled_fmgr_dvmdb_adom_objectmember.cpython-312.py,fmgr_dvmdb_adom_objectmember.py,937,933
01932649108bb64c28c0d24407da056d1a889f45112e653d0ef0e0b908a63cdf459ac5fc13807c84f83e4d6a2486b9f5b94a61ddd4e7db9c5895c74df1ff3643,decompiled_SpecialFunction.cpython-312.py,SpecialFunction.py,175,167
01ef8e4f062439d8d965fe51f25ea68f170cbe427f884a9227a6f8677d3dc09bc32179ac856d02e2fd8ae366c878f1e9dafd2092b6ad07580a51873fafe2df16,decompiled_help.cpython-312.py,help.py,384,415
00a2d340d960073eeffc108dd17e7922ade4f720775e2561f547cf18b97efb37538f182833854d2c6b0222346639f399cd615583890da7e65b1bb96d70df52cb,decompiled_lookup.cpython-312.py,lookup.py,1324,1472
006a25698892b8e90c7e1b01cf4a588dc95877aeac30becd1c702c93e3b6746474479de97467a4af4dce5ce8abab721313a5d3642e5522991cf9b3715fe0a0c0,decompiled_plan.cpython-312.py,plan.py,5869,770
028cafb9be84a8d84fa0a5ccf9434a50a77c58c7725992c3a5a572da053f317e603de78be043f9a67f58e12bf87a25a9436164376758fa7bacf80c6bbfddafc1,decompiled_test_image.cpython-312.py,test_image.py,82,82
01aea778ccd11761db6d97709b5cb059daaff9e3efd08bf94221cb043959138cbe46f59e9c5cac210bd7e23dbdfade0762c106111f18696044e0cfe736711458,decompiled_Directory.cpython-312.py,Directory.py,120,145
005258ae8977faaca393b83288e3aa65c171bf342adbd582c7ae1430c5e16b9cbdf8bbbef15f0f16e7015612959a8cb5028d1beb812fb930ce6ce8ee8d8faf46,decompiled_domains_my_support_account.cpython-312.py,domains_my_support_account.py,4133,1149
02428e489c5dd6547e36a18b74bf993005ced5fb52bb524ea5f4a94c6ef0cdcf7c2568f2d8c504c0f97012f7dd0605b89e73c521992fd1499c40af3c5a081f1a,decompiled_ec2_instance_managed_by_ssm.cpython-312.py,ec2_instance_managed_by_ssm.py,343,194
011102b3f6b0c81a9808620e002d5711134a72229a60576af410975535681bb3c234debe77c4565635e970e70da3ea00ea92464a5756c98cd31a790cd1d0c114,decompiled_DRB1_0841_9.cpython-312.py,DRB1_0841_9.py,1536,1540
0021bd4d315ab95f554dfb08cb5998f092fe4bbf71699dc8848435647e0bd4d3009d9d66c09710cdd24aa155348c997d26a43389f6b56c0453f5efd07fb2058a,decompiled_paradox.cpython-312.py,paradox.py,1230,1387
02e5568486f6e88cf905249b72d1c6050301ed177a64232de7538ebef15a90a0a16c94954d87479ac9f98364a34ed040ff1c137eda24e8e27650d471f89828b6,decompiled_entity_platform.cpython-312.py,entity_platform.py,956,884
0020a6a1e68970f08fe216cf764a2d8315d97e655b36e049680f1bf6b8bfe8f7e6216d62d0cd9efc17609bc3e403d769cbd68ba07201faf6fac7f2570ce3677b,decompiled_s3_task_handler.cpython-312.py,s3_task_handler.py,195,187
014e615d57503e1241f3f1ff03c4ca952e0c3d77eb873f44ac73897a09f439a166416abfef07d0e910fa640579237cc640e0d793de98ffc8567beedd42b32d9d,decompiled_acdc_jacobian.cpython-312.py,acdc_jacobian.py,574,261
001b56524217a45b9dfd62734ac87811c4120466d5aa51771414aa1c32df7f3bf27488328f7881f5ad019fca086c60f50f59004ad66958fb6df25b5a76d7ae31,decompiled_plus2concat.cpython-312.py,plus2concat.py,80,77
01ffe4b97b6d001ea4315b82bcba6344abc696c2b836d92aeebffd41705a9706e030a2fbf798d28c41d1b7da575dce8394c5610f579846b6e77089ac5f95b4ab,decompiled_zabbix_user.cpython-312.py,zabbix_user.py,2907,2907
024d3cfa788b775e10d80ff02bec680ad9b47ad519d3a02d67ee97b544dd9e006e1f28fc234289e5f06fcb1695624a62f5ea75153fca7f955d82b96b2ef58206,decompiled_gate.cpython-312.py,gate.py,917,1062
013e2b4cf24bb269c76de7f1680bb480a886fdbaa0faf70fe9ee36775a23d6db1467fa3824c758713981434e9dcae36cb1269354aa8281996e50c3d05edfe7fe,decompiled_Puma560.cpython-312.py,Puma560.py,1085,1083
0072951e92d6b82ffc28acb57ab2d33a7131ba580de6b04d541b77bf66fa79b9152dfe0a8a86cad07547a1d1724a4ded0d3b02d9ca218fdc686c33918a94bd5a,decompiled_allowed_request_service.cpython-312.py,allowed_request_service.py,96,179
00a6c35f4400c0579040a2e621ac9654be314c6b7f78770c13d9ea5728e976a9ede696db77f22886a7ff64816645e5fb95b65829a12a10d008f4c94bb685dfc8,decompiled_json_file.cpython-312.py,json_file.py,59,77
02da82b1879af1bcc670b96ac233eb773c866a1ab7d8005ee6c0be1c312d57f6697636a6fffec57cced957188f340fdfa566423ef48297c8189406b89c65aed7,decompiled_alexa_config.cpython-312.py,alexa_config.py,247,243
011cba36a4760ef199bdadd1e9b8e3ffa2e13acc3f756f7526d819da59d45332e5b3db8560d0300192bc86b673b61cb90a44a6c882148770930732b81c8ff82a,decompiled_monitor.cpython-312.py,monitor.py,493,1301
00b693d35a37ea0b8c1df74ac8e191d0c83236e2730fc9a72c8038b7eb26d63681e122d74ed2c7602b4d65de935ee5830841920b0f79860132ed111b7df4bfdb,decompiled_job_service.cpython-312.py,job_service.py,975,971
0285ddc2a52e4ba742250c540dfc98de52b40b7d505be1d5b6fe56752a793e80b307301f3bb5ec94563466080c1c716ada0e452b164c3a4ba706e0b6708cb50f,decompiled__main.cpython-312.py,_main.py,508,449
021bdf5060530d6a65a75df989561806c00e6c1f2256423a43b32ce90f435366278b81f2a89926fb068e13e57cb63df32f01740eab997c3ac523d0491c647a89,decompiled_virtual_network_gateway.cpython-312.py,virtual_network_gateway.py,22671,17058
02eeb733cd0b7fa2824f05755d3f686bc76f2f891419da2d08d7b9f5ed60775073174e8b50b02e0974eb75807a88935f63c2c14ac1091a2212fe724d59518d49,decompiled_meter_digest_savings_yearly_response_results.cpython-312.py,meter_digest_savings_yearly_response_results.py,83,1
00c49c7bf0412dd891f54328ba23824baba1fdd5db45d95c267785ad7dba0ce6f7a80d93afec3ec45d9ba6deda0046b7e1dbb80599f5db3d2b5798417178e795,decompiled_clifford_gate.cpython-312.py,clifford_gate.py,1007,829
025db98fe9e86cc3c51f75063905e2481196da1e29b2339affd6567655e1f7a93d2cafa9588a701bec9bfb098602e2abd386b782069099e42003be32917878c6,decompiled_dataset_providers.cpython-312.py,dataset_providers.py,1784,1395
019306cacc5558b052d3e1d2265ed91a480dc11985fd05f637b2b864312d3b924b5494c1c21f4a4af5159576b2e9af351de20929c67db4e5d6867c83f5bd3843,decompiled_test_sql.cpython-312.py,test_sql.py,4142,5496
005f5e738211778e5896d6810c7b526d3298dc9bae1c512b5d23c03d28190413f10f4b866c8d76a6f84836d72dddd208bb16b9ebf9da3e66742d8c2a6ce2dd3e,decompiled_gedcom_parser.cpython-312.py,gedcom_parser.py,715,1113
001c01c5abe733e337cd5ececba9f7f567fa87ac71a17a63444a1b72767f63c7b6dc208e975f192e9be646d804c7c751cd32b1cdaa51f9f436a1c2b8e85c2fd8,decompiled_isispseudosrv6adjsidlist_4bf1c7cd2b913a5dfd4e1e7ab2e4a493.cpython-312.py,isispseudosrv6adjsidlist_4bf1c7cd2b913a5dfd4e1e7ab2e4a493.py,1168,842
003cbf454c8dc5fec0f679e370443a4f2a083668c3337874b32cd67ad147ab8f3df0d18318a0248d8a85c947dfe7b21d9fbd4616a24b882971f682e8e9640aba,decompiled_gee.cpython-312.py,gee.py,32,76
00084465083a1962126e34afa69e6ca3ef81826a394538bcb879e5a3a91eff04f1d7f25f1be83f72e7d3b540d15669f4c986427cb4f5b50a1462c7da6b22e1dd,decompiled_json2model.cpython-312.py,json2model.py,20,46
0268043e46cde2c76a00bea9af754fecacc4ea511c475ef0988f9f3f857075594b1ee6bd75d943be444106cfc794e8b2bb5d79a615e3c3673cae2d87e8cab9cf,decompiled_ncbi-gtdb_map.cpython-312.py,ncbi-gtdb_map.py,1709,1726
017290d3739afecc380cfa17f8cd612a53c86aa7f3c1f4bf93232283aedfd2aff4f9c405d6010f593d350cf65d8d1b3ec4eaa999818afed59c81e0fad6aea460,decompiled_writer_pb2_grpc.cpython-312.py,writer_pb2_grpc.py,5061,48
0289c2387157b03e1f4f67223a48c57a67fdffb71e331115aab7c75aca9a5a039816dd6910b16d8b681b1857793d0e99f6c34bf218d27067311f60fb2b4a72d3,decompiled_screen_diffloci.cpython-312.py,screen_diffloci.py,123,84
0019205a7b74eea4841fe4d68c0d617a437e64261d4fd72fb21d574c280a4a42a11253d6483a6a9bed20ac64686ea05f2e5104cbc2dea0d40440ce0d0f6dafe1,decompiled_kalm.cpython-312.py,kalm.py,3342,4201
01ae4e28758e290b669bb27ea7a34d2c1b632bb1ccd285f3bf2ade8b737d77a5ee3a3c0c578408534429aa035c4833b99390232f5cb34267b954c4b314594e46,decompiled_dataarray.cpython-312.py,dataarray.py,37256,30961
010c50e0c926f2baa6b9f490ab82a83c2ff6394fc9509ca85d1fdfe280876b59e1ae8546c4a0cdef4c9c68bccc916ba55edee8c4866198d329cec3584e7cd34b,decompiled_importer.cpython-312.py,importer.py,742,564
02a3256107ace559f5800a78ec8b152b052e076cb500274dd7210505ea3bf74deedb037f7629c75c2947ce3b35b94824927f550a8c77d55ec1323e0ab0662e3d,decompiled_idrange.cpython-312.py,idrange.py,957,1212
0118f33b3ed32f38e9d1cf75f87c02fec8d39abb9e5071e3d3bffe3efeed75d64e6a62ccbc07acf25aa9e70a4eb6d17ac34843b8a57ad01d13cde4e1544dffcf,decompiled_event_grid_data_connection.cpython-312.py,event_grid_data_connection.py,876,973
022bd7ccbd457009bf3f3d7ba7bd3c60382521265b8daf7863f89bef507dd9b2fbac3549b67478ca4a1adff9a30574227cd650690b6b116f46285c97363f2ca5,decompiled_messi_nmr.cpython-312.py,messi_nmr.py,1650,1705
001e62e85af2ca1a717288da010f4125830145742ebd310318d71ff4c3d5da16a6e23587829bf8b108359853c85a4c09ce3e16dfede977afe03853fb7e658680,decompiled_rectangle.cpython-312.py,rectangle.py,773,773
0174885805956ff774a6a71a2e5ace55609166e872ead2d7995c3c77029b9abf0bd2aa8512634de9855bab60e7c6b88e6cff08c20d589dfa331afef7a1890d83,decompiled_nbrun.cpython-312.py,nbrun.py,74,78
009d3295d0602c63e04cf478ac0477c7d7d88da7fef1bb9b6ebdf8dffd7d7afd8608920a4683d0f0669f48424acafd582d9ee23ceb12502bcd099d0ee39322b3,decompiled_external_cpp_references.cpython-312.py,external_cpp_references.py,292,845
00332d17767e203d09953acd3da1dbb79dd11f59bc66522b939faf9067e51902db078f7c8fd16e306daec764ebd313e81f4a9f5000f1ca95c5c574b7f25782b3,decompiled_coordinator_bond_node_response_test.cpython-312.py,coordinator_bond_node_response_test.py,52,28
0090014609490680d0f89d32539fe03f331a839d6fa4b35fc49cd35baec6c0094a2fc302a242aed5a2301527118e9094608f5b1f2e90a7a4d6467c3eb7129979,decompiled_cyberark_account.cpython-312.py,cyberark_account.py,3053,2519
02ad0c89fae23abe5712015fda024bcd6afb7bb740138efa7a0796b721b8ba8fd772637460903b59acf6ebd8be2ca1e3bb9e7c63e4f821b83d129854dde7fe14,decompiled_calendar.cpython-312.py,calendar.py,925,2477
0148003a9fc6d6e33d51f69c68288aaabaaf9ebf694b5e27a51e7d3b02b7a769bd85406e2e7c65af9285c92639f87609ed98e889395e4a782a68dac2604944e3,decompiled_readwriter.cpython-312.py,readwriter.py,8617,8146
00c6a3cc8c8a11b7229ad3546aff8601b092f64e0294277f388e0f2239e1ca61e2b6c6036f08eef11a8fc6dbb2ce62f23107a27653cd038324f664b0cb134e3b,decompiled_sd_changed_at.cpython-312.py,sd_changed_at.py,1680,1246
008fa6c4edf9acf4461fadc14ddf09846238081421da5481e1814035b8b0e73fb061674f3d038d0ffd0bd74aaefe83ee54bab0cc0b40e5c3705d5a9295cc5ca1,decompiled_ddos_custom_policy.cpython-312.py,ddos_custom_policy.py,596,872
0057a4737c86724c228f4b3a0635468a849cfa543377dfad58bc61d5f957c1844d1e022a1fea73e1ca7fe894e43da1533eca02b91904cb92a08d82120d669328,decompiled_tool.cpython-312.py,tool.py,10096,10133
019844506ba85be76d113aa47716d7a6728cbb81eb9f27f642b8452bd486726939f2baaec5a8bcaa83e25fbf0e76a96dca095c2f3b65d9126978a6195ac1b2f6,decompiled_0002_mutation.cpython-312.py,0002_mutation.py,834,970
0048aa471dea645aad1183d683485aae33b04c3328e64521537c0605cfbae3fb03b61a8c709c0b09e32039f851b053607bd6b7965be7b43cd614fc6038027b71,decompiled_lxc_ssh.cpython-312.py,lxc_ssh.py,1090,1495
02ba4491c462b1daee862aae67840dbf3baff1968ab2f0234bafd5e7f7b4f7b4bbf2ad40e58003f8d96c41414b6bab1e68b6cc729486055153155b040e68e56d,decompiled_legacy_districts.cpython-312.py,legacy_districts.py,3489,3466
0288796fdcb7914aa7056978e27042d2742a42710744f74d48e0057e7cab881e20969cda78cd750677a9e41fd40bddf4e46a6aad1e4c7817fd390406e20d3a1c,decompiled_parsivel.cpython-312.py,parsivel.py,638,562
01a736909d1ea3337d39e49f54b3cf1f2e70b33aeb48bb8b750f3809f538dbb3d4659e13cbe319e66efbb4ff67073932725e7383d2319e481e8421fb25f5dad7,decompiled_audit_log_iterator.cpython-312.py,audit_log_iterator.py,226,225
0294939cf368a30c76beea19a157586e09b3b9bdef9faaab3380345b635558ac80cf1065a208689829fffb8a68b97efb98945eb01bab716d18bc45bc9c24a581,decompiled_ProjectBrowserHelper.cpython-312.py,ProjectBrowserHelper.py,153,149
002d56d9028fd5f077e3c6687d960e8cdaa408c6ca9ceac2181eb34dd1868b252fecf0d858b30ddd5958f2927a6859a81104abe17b82003d9f2a19d8578512f2,decompiled_flow.cpython-312.py,flow.py,1190,1377
014b89e2577c55bd5c71af2859e07d82dcecefb4633d93782d237f82417331f44e8afdb982afad8256c2027039617640f25b8f9ca10662f1108ca8316a75cfd3,decompiled_snowflake_tracker.cpython-312.py,snowflake_tracker.py,211,322
02e5048d526a922c3e35f8b0323b74389b714420c8829a7c3797dbfabae3dc89e111b8d791a1f55e3fee309b0d37cfa8133853b3b9d91d170338ba5016f2eac2,decompiled_DRB1_1524_9.cpython-312.py,DRB1_1524_9.py,1526,1522
02adb631712afb2b7e62ef5da85d2d87d3da27a737642f0465a97d71eceffc1512b107eeba8c35719df451a71984daca866cfbf2d1f39fafa76280667c1240cc,decompiled_external_plots.cpython-312.py,external_plots.py,568,7667
0172eaa8119797d9e6a743330c7aa5f0c57952094a35d970395dee1ae3121132c2a966ca0c91351eb80b314aa3e23a2d74fefd99c44718fa7ba4446ea0d5e9cf,decompiled_true_values.cpython-312.py,true_values.py,968,971
025f86f0120d0b58ba2de96a7ee332c4c1d4720f631a3f572e3bc6cc8213b50ff2a2d3bd2c0fcffd1b3021365debcec21b6d212e1b80a507f4fafb1c9c3fa764,decompiled_vm_cluster.cpython-312.py,vm_cluster.py,10266,7213
0185966547086cb2e86a0c33b92213c8de874ca9eb232aee632ced089aca15961574394d43bc4489346a01da3680e5860ab88e1453342ade8cc25ebfcfb6981d,decompiled_qqGuildJsonRecorder.cpython-312.py,qqGuildJsonRecorder.py,113,386
00ec3f861e9737c6869572432c2276c45b7124d1463e336908a16f81976dac961e18d9ac311ca99068e2f5dbdf72b119672ba1f0dd3a06ed4509ade7aaa87e54,decompiled_zfspace.cpython-312.py,zfspace.py,142,117
0159716a56ed31d75b9906d9f3106f4530db154344420d76cd147e1a18693c57df2fe9615241f3ac8be6b9be58d494bf224007d6ff8fd5b484c13bc6598ba144,decompiled_parsers.cpython-312.py,parsers.py,9113,3781
0224296082c2413e3148e5122df248b11443139b1f40f55675d6abab35f2a81e3e2dd95b562dae8b6e725b1e8ad221572a273f8786789067b88f85e19a5f6a00,decompiled_streaming_pipeline_executor.cpython-312.py,streaming_pipeline_executor.py,138,474
008492c27693ec0fc0558c702bbffdbce09a10a41a78f6e2a425ff0ffe60bcedb03a7a8ac15e98f53b808865fcd22f4e037411e01f45631b5575acd50968dd5f,decompiled_content_export_repository.cpython-312.py,content_export_repository.py,290,74
022dbedca9037f43e4a27e1c40c6f6f8182e7280a7033b177ac7558d50c3796b1cd0433e030bd23bf97094db357b103e6b821ccdfbb07ffaa662ce634d8b4d79,decompiled_export_events.cpython-312.py,export_events.py,1565,2414
01c6af8cdc9b3e355e7605b181bb87be1cc593a94019e9cbf11fd8fdb9b4e56626977744ee0ee6a9bf4cb3d9412ef93c107ecc9154b6f01e90c2d035639267ea,decompiled_bind_signed_certificate.cpython-312.py,bind_signed_certificate.py,377,309
01bef9c48ddff0ac8b6c1650cbf312088c45b8e664876a936ce06ad39f355a564b68da0000b63a8363a29df20e8bf068609da0ab94397ff60465b3b2fe205325,decompiled_bitstamp.cpython-312.py,bitstamp.py,8231,9605
01a15bf337b2f4438af3023403864d509c5471cae4f27792b58280c237c657f3c82ce17b38f7c78e8f25d581c9a8da33889981dd185968272e5f9558e94c0e7f,decompiled_public_ip_prefix.cpython-312.py,public_ip_prefix.py,1633,1279
021fcd0bb586cc65361b37f9aebc81038a9d7c38d303a6856c11cffee01cdb46dfde9600251b7e49e078d9d37f7dab75d32cd649c50a299ffb051fae3dcad07d,decompiled_fan.cpython-312.py,fan.py,1258,1252
01faee9fd03d34dc29128e9ec859e23191593436bac2b858cdcf28c2e9e3664b83b04d6c5e629e8d7d6ba5e5b1577a1d2f348f87e96920bf9aa00cb9af4e7a08,decompiled_kkpyutil.cpython-312.py,kkpyutil.py,2113,16823
010aa2420425a5d6b636eea0022be01b3d3580fa639c98e4b805c9dbc922a48bd1c8e03a9dac465470bfd758ff3778d97ce303c49ff11f53c1916a939115bdc5,decompiled_conversation.cpython-312.py,conversation.py,771,830
002500691f5bb03b897dcecd9172ee7a4f2c89f70ac6a48f339738494ac9cc4f556ef28bc7453bb25c2a351349cee55a1180271f25ed939dfaf6cab8f6600274,decompiled_DRB1_1401_9.cpython-312.py,DRB1_1401_9.py,1550,1544
015b57e7434577749d5631f3dd66858348467fbfa2456543bcebf44305b794b71e063bf3f35b01d09a5521a90da5a42628d81f1006768ca86c4678e75c8f7f06,decompiled_ansible_collection_version_response.cpython-312.py,ansible_collection_version_response.py,5590,679
02b0e99bdb826ad74202bd1ab2471079e35f565bdd354f4247ab42c40ad77b3d9fb043959cddb8e1b904a563176ecb2e143cea636a535f9b331ce9f29462967a,decompiled_test_diffutils.cpython-312.py,test_diffutils.py,6459,6289
00bdf77cba569650299144b64785f1901360c8889829efdec408a2bf964fc65fed76cd8622236b0d3d71b2808571fb61c8392f072ec821b6fb417c18b9b95049,decompiled_search_utils.cpython-312.py,search_utils.py,152,190
00d386e98bcd37a32634c9385a48d32c6d49de9f73bf9aab5c8438b4e66ecb3e42a37c88ab29d3159a0ca77fe12dd246cd6c048f22afc227794094b457e38fd6,decompiled_bot.cpython-312.py,bot.py,261,341
02230335bf642aa94800dd403246714d89d777162d819dea4699bff4243e8c081eb3daeff3acc37229edf3ade9097a3904329a0be9b72f9c6a5f2dfe7728dc57,decompiled_fcMRRequest_template.cpython-312.py,fcMRRequest_template.py,1236,1223
02da418405125a45fade8dc97b537d7c7ae7c83b3c23474c7b6595c6c2dd0c03f85d4fdeddac92208faa812c27cf4b612bf6e158a27891a782ebfdee98dab7a1,decompiled_secret.cpython-312.py,secret.py,3337,506
007433f155f52fb1b580f5065e7f6aa03d80baee43cd992d5fb15a3d59d15cdd600ceb87a846520889e4e551ca9eb6a9e0dd006937e698a6756ee8bac819427b,decompiled_pwrpc_utils.cpython-312.py,pwrpc_utils.py,148,90
025c35f2e1ade418068eb10cb41f89052228fc3bbc647f92ee12e2b1bc9c351d108d2a6592920449cb61c61eeef0c55c9393b46db9aeafebe36bd0335973cbeb,decompiled_FindModuleCode.cpython-312.py,FindModuleCode.py,71,56
01064de6bad2ce0dcc06675d106aa7fa1d79e100bdcb3488a8a3813bfa3c393118da1559d0384ac60fd1a8839f6195bd4036f70bfa01b535e82cb411ee18bda6,decompiled_calibration_to_noise_properties_test.cpython-312.py,calibration_to_noise_properties_test.py,2471,2204
017036b814b9f2a8589e52a4676d12bb83f1521a5e2f2badc52cb575dc1a6df924236daf023849efba59ec452836f7273564275e0cc1cf073b49968b8805643f,decompiled_parser_utils.cpython-312.py,parser_utils.py,458,458
0061ceb17cdbcdb5f230ab9a1466086e2045ee8710cb47c67bcce25154b9377a902d0dec135658120372ca708348ff0e7099a2ce832adbe1ca7dbd04cf122835,decompiled_0028_auto_20200210_0929.cpython-312.py,0028_auto_20200210_0929.py,7638,8331
027c59f7ef044995267f9bdd23535be26a83d44fe3f487f63864f8a1091919d2f082113fcbfff9fbefd21a07f4eb9b0b6d307df628ef432e05ddd59dea885457,decompiled_test_gateway_create_producer_aws_output.cpython-312.py,test_gateway_create_producer_aws_output.py,1537,1424
02d4558e1f955faf888bc81b1427d8706a30ac88f95ae0834e956669538c256582f40c30ed29717096904d9cf5ceb15db9b73c929fe6987825105c502ab12f72,decompiled_local_cocoapods_repository.cpython-312.py,local_cocoapods_repository.py,5074,864
01748c6e4b2f5f0a5f881021d91d3fecccb2223233114d797c4e59a5cdb4d75b3a85ffcb94b87ada65454f74462228dff30a4b443818e561c0b80c62abdce72c,decompiled_reflinks.cpython-312.py,reflinks.py,4631,4582
0026931ea04eb2ddd79ee83522ef59eb4d6690cc2f3e916fb5f65e5bc1c5b4123f8a8c958e3516ed6e4e3571b162718e8199b8d6c44c315cfb7f814cecac5905,decompiled_fmgr_system_replacemsggroup_custommessage.cpython-312.py,fmgr_system_replacemsggroup_custommessage.py,2006,977
02555f1b0952576d8ff4b6d52c925db4477cd46ecbab91026d08f60229d76241701a3c4cf2af93738a20a7a4eac731c6f44b8315453db6074388664dffc75109,decompiled_mem_definition.cpython-312.py,mem_definition.py,2918,2961
01ad618aa6bd1bd398e248951ce18722b341133c9092950f65964f2c889950bf4e2b29d6002c53b1cb7c9d7f46e1a419da9118f4f4e6974777e3d2ec137b5c4e,decompiled_tb_cli.cpython-312.py,tb_cli.py,3364,5399
01493e91c40f8173f3b0089c1a8f8209a021f66e819a2d250b3763f82377ad83fada10a376571f83de2ab341560675b4445a2b8e4b3c70c2aa29926d4950ac49,decompiled_qqgroup.cpython-312.py,qqgroup.py,290,1656
007d89de3d8e2f4775701079d0550693550308e74e27241bb225356ab90e02d97d31bb49a24b241d36ae673dc8d8da5d33769c9b5281d6e8d103ff8bfe2b545a,decompiled_fmgr_switchcontroller_qos_queuepolicy_cosqueue.cpython-312.py,fmgr_switchcontroller_qos_queuepolicy_cosqueue.py,2333,2420
00774d931332c40f9561ae3e8c9db5befefb42a2c90ff7865a0627f61515f75545836a27ba9b3481dc16a7c89457b946c1e4c566e844495152da2cbfa89d873e,decompiled__mode_gcm.cpython-312.py,_mode_gcm.py,761,856
01e55d6ee0f3f603acbb324438d0151ec1c7ed2a850a310d77ffa078c020b088745b34e079623b7971f62592c5056850db8f6d9308b7810b0c85f0b1e5c8c00f,decompiled_hdf.cpython-312.py,hdf.py,1016,1049
0290e02470e449609788e862be697005deb5b9e12ce5609739e3e5a6840f7ffb7442237c0362a89bc5ffce18d6844879e7c0f06b7b46a36bcd342287c210517c,decompiled_proxies.cpython-312.py,proxies.py,1734,1957
00fc87b53a138a2d8132fac623db6e7c8211249860b53e25258bd331117c541fb9ec44a2f6b7c968603d611a9a68fd7b8852243880af923abab6e9e32da7cb96,decompiled_dirutil.cpython-312.py,dirutil.py,484,208
002c48af2692e728570f0ade22a1777f616c29db0051b15ef7e027c07dc9d39fd8a1e8c76f94ccafe485f056f3131c47368aaa06876c57958df56bf1c3b74d39,decompiled_ugc_video_batch.cpython-312.py,ugc_video_batch.py,232,229
00f444635475df945b2b999496570ce553641baf085d07c4816790216ca703d9630735d296cd1f0916281f867e744ebb50a08fe171c88552ae5d8108f68265e1,decompiled_workitems_queue_events_notification_workitem.cpython-312.py,workitems_queue_events_notification_workitem.py,1286,486
01a385001cda9b7ce64995d3c6e1684eeb7ec5a91fbb61806bef1400656968b9bfd41490de3d804d1e00a3e2b57b333d589a261ae71ccca4de57b71fb508c484,decompiled_factor_crowd.cpython-312.py,factor_crowd.py,298,309
01953df9d6fa9417ee3d666322d1d1430a52e07d7a3ea75625538b52ea3581635b3aee12e8352b542d323b62f0da9104f20e96ad25328538f7e5cb0e74a8911a,decompiled_network_connection.cpython-312.py,network_connection.py,1837,597
012daed3cb10264e8402a3ba2915b0464e8d744a6ec360ec148f2cc2b6a82b9840af438c8c14c02e0aba7878fe27a1f0a0eb043c0715d9f7aa27cea76455b35e,decompiled_step_1.cpython-312.py,step_1.py,1404,1402
01ffa167259c381b90ffe218cadcd46f15c2d97d7fe905de275ca127fc40dcc3e05791b58c637e00b51ee13c35ba796cda553174f43d977ad10ce18b9455b65b,decompiled_disk_replica_pair.cpython-312.py,disk_replica_pair.py,5510,602
0251379e3e31d18545e89c0f811516b0a2d23e4ce28fee18d47c1838f9da1b486fe0ba3a537af9a97b924ed33a6484c9e0cb0de12c882237a70dbe7fd6c4c3c7,decompiled_propertiesdatabounds.cpython-312.py,propertiesdatabounds.py,2729,489
02bc0d10c5ad737c328869c3517d620eb06d7907f371b188634799f7ada827247deeef1dc8b18147c5cbbc2c7038ba04e0fa1f6bb72b139f44fe38a518a06da4,decompiled_homer_record.cpython-312.py,homer_record.py,2462,1348
0197e249cea52f17d4b0d5892f775c75d065dbf54d4e226cbdbde763163ba6da87aa13b540fb5de0066bd32d8cedcc94ffb45c36ea5de34e0652b95ee6d5e2bb,decompiled_dataproc_metastore.cpython-312.py,dataproc_metastore.py,2634,1057
00e61676d44ee481cbe62984612ef9ad8237521938a73be285bfc95c09e740bf972f8e9312d2a73c6c22aba3d2864b61921f2a3c30a51de5e10db150c41cd1f1,decompiled_accessories.cpython-312.py,accessories.py,543,519
01af71f585edd7a797bb619f53f15a2e7563af92927b3486539cbe4f582282720b3ee90f54e1bc4fae94c35f66238f57e483bb3d67695a050bbedea602ef4a1b,decompiled_DRB3_0223_9.cpython-312.py,DRB3_0223_9.py,1542,1538
024f35ccebf4729ffc2e2b34990d582fb3ee744529c1d71c57c6841c209a75a70558cdbd55232d102a2e0dba8f410565bcce0312765c242845d22796e9798589,decompiled_AbstractProcessApplicationService.cpython-312.py,AbstractProcessApplicationService.py,14,91
006b772c9aefba85ca53ea3223fda05f0bb99140442e685458b05f3c2902da673c946fcc809884a5b7109bd09c2341ca4a3c5bcfb2a535c6f7a975a46e377e3c,decompiled__models_py3.cpython-312.py,_models_py3.py,10882,6461
011fc52edd5a94456f1a07e0c9dcf1a045b5b9586c1bb7e9c75e2c4c33ac9bd20b9102f9e0a97cc733232597c19005182ff7f5d3e6e24873e891e147cac52302,decompiled_0003_auto_20190517_0844.cpython-312.py,0003_auto_20190517_0844.py,1073,1285
01e33c6c95108339ce03c42393f0aef0e26ef1886ac54a35060b0d68d210fc0f0bf9a23c6434119f1b4ec1625fe38b8c3b1315e25f4768d293d497f6c6397fe5,decompiled_variable_inspector_widget.cpython-312.py,variable_inspector_widget.py,760,95
0196b7cf3c6bd70dd5a4404d68a90e00f62a8d7a843c1ff62a8c3662af4cd32de77d27e9dbf84029d1758d411ea8d678acfe06f157b942c6623e0959208295c5,decompiled_dynamic.cpython-312.py,dynamic.py,528,204
02afa9a28f27d1eb6f60d1acffbea1250e50d5ee84238a9b191ffa5e2501eae4452cdb00c2086e929bfbc91b298baf5b385ce69f235a49fb9b85e4c811a0aff2,decompiled_test_na_sg_org_container.cpython-312.py,test_na_sg_org_container.py,1183,1181
007ba0e77e1b58d0fc7690c1c8f7e7a97f7675d01d7ab665c3da0b4326e073d57f15a6f6619a82e7e262c6d4ed1492ebf0a4ddc3c236287866a8e7cff0081623,decompiled_fmgr_application_list_entries_parameters_members.cpython-312.py,fmgr_application_list_entries_parameters_members.py,1068,1059
021939aa3741c7dd93457053db783475879a3f36c244d96099e623d4ae85ab0a663076146e5fabd5c72297a25c746c0abc21354d82e4468dfc2b628688cad325,decompiled_ability_module.cpython-312.py,ability_module.py,54,131
023a72368cc18753a58efbdf7ce6e015211f6b4d7120f771e1d4315be8e60160e91392994569a88964af2b91d6d59990be3d9da6798dbb3b4d9a559f268d7f9b,decompiled_network_watcher.cpython-312.py,network_watcher.py,1538,1758
020f766e533d3a958a9d9accdc899e4ca1519333b603e924aeae1055591b22d20fe1767d180fcaa9de8834b54bb0e6dc328307167994d104fc52ff7d67e1e96e,decompiled_attach_script.cpython-312.py,attach_script.py,72,67
00a7062425d1e27440b4c6e39b7853adbecf499d1f1515bb2770fe0b3fa778c103a19525e8500192540cda7aacd729d6629c2b233b1617ad3941583b89030553,decompiled_sast_process.cpython-312.py,sast_process.py,561,813
018f24564ed2ba09a2e815b3a43757c1da22f8ca6c66d7d2d66421ae555c42a121a04bda4cbcbceb1772dc9d0342e672567f170eb90780f491702db83de5f99f,decompiled_scaling_plan.cpython-312.py,scaling_plan.py,1544,1644
009e5116e1b2434f19e89304c5092b131277b63758c22337b09e1930485307e1b1ddff9ca2c47efc7aca0b13bd9eb7dda169f026059c0b0099ce61bf402184f3,decompiled_clock.cpython-312.py,clock.py,56,53
008a2cde98dad5d91d2c1b2cf4c5d843db125d49c5f60f4508db47e5eb9daf3d4a0d3bb82dbe953ac1c26d55dbd352f9e94e563fd57e332c56f962c0c79ae98a,decompiled_FB3.cpython-312.py,FB3.py,71,127
029f03d0e32b6317ae6992d4c060b589bc4122faff8093faf79b8af0a1261a1ecd875a3d4ab5ed45edb0b6c72f292166c2e38da87a745c1f03e4856f1e2f16e2,decompiled_bigip_iapp_service.cpython-312.py,bigip_iapp_service.py,925,1015
02bba8a5d3ed96cb3a8163e4836b6bf9d0b2a223733a4926bb5f812c463b175feacb2985c9300ea4d49dc881c42b699123fcb9c00fdc47899dd00a05addc019b,decompiled_redfish_storage_volume.cpython-312.py,redfish_storage_volume.py,1544,1434
022c2ec394a974b76cc60bc916808041a001e9a07a77e6f1fff059387f755b07dea804798deef97815f516758251af05cc05641076b3c86ef818eaa7851800ea,decompiled_trial.cpython-312.py,trial.py,1765,2143
01a3baf408c4030cb42add0959f828e4db80b96c1b3b9682eda02a9cc399f4dd3ed78eb7d627809d9ae53aa3ce89cac91f290ab90c74d9dd07b9141ff4363ee5,decompiled_webWaits.cpython-312.py,webWaits.py,3995,3935
004386deefddad28980ef3982bcdddd9446bda2692d67d67ffa5f566449cf6a1777cae9f862788d23d3b980072bded3650a6230c328cd2a1bf3ce02b93ff1260,decompiled_host.cpython-312.py,host.py,7058,1595
02f83ba735f83565f3ebff8fec017ed068cd0441cc36bc674fda951bd20c9681be8fba095c906bac21081db0b223ac6e77533e73890face800b2179e18c9687f,decompiled_evaluator_pb2.cpython-312.py,evaluator_pb2.py,340,346
00aa405e4537d5dc56d816097dcaaa3df345608e1ff3069e9673c477077ccba46aee8c8e6c11642149bfbcda2dd834057a60ade2b48c6ea5f5e49956d89caa91,decompiled_panel.cpython-312.py,panel.py,178,162
001b287e518bd249220e333f9b2a0ee50be694570b9fd3371bcacbd3ce0e2bb2c800409c491b021cea22a48c30b1b5067c276d8fa88fb5ad4b2e98738bc23165,decompiled_trading.cpython-312.py,trading.py,958,391
009c4f3ab96a4c8ab07ec1c1c8c31616eb386add3790e93251be686690803816beb3dc5a973e3981a43899da4d3af146e9796e42f47d9eb35ac81fcfe352ba0a,decompiled_master.cpython-312.py,master.py,320,569
00ddbc88a3333a77aba5bad02c61b49059fb1c1a7c42a451da1c7fc74beac24139a95f523f5659edf2825ba6dd62fa49192f85968b63dac70542a5977056bb01,decompiled_cleanup_filestore.cpython-312.py,cleanup_filestore.py,336,308
01339df7705801aa798c67d2751e17881afb26fc69ec2fa8bdc8e5515a1e4ca0e5b6ecb875dcc4fca3e5c45c2e6f6824667315b3f0465b18e181715db37664bc,decompiled_fcFlogiLsRjt_template.cpython-312.py,fcFlogiLsRjt_template.py,1290,1289
02612961d95be5f844c178a5fe85b922c200ea461f367c1dfd98e44feb8165e942d4750c27370a34e153739b324d17f0bade8816f90fced87e87f2d142fdc91c,decompiled_vector_db.cpython-312.py,vector_db.py,733,3755
01dd276770bbedc821943f096452240159c3f773ced2cbce61df1b1887ef0b005688be9578cfe36565b199a8d44f86a51fbceac148cc436d268d9ba8891f20b4,decompiled_test-c-broadcasting.cpython-312.py,test-c-broadcasting.py,5291,5599
0199322a879c503b6c38b787a220be37c8e1448550922832d00585403dbf457b77194c0604dad1e25b4b3a6405709197e29595346d160c6aaaa6dc2af57a8f55,decompiled_ydb_status_codes_pb2.cpython-312.py,ydb_status_codes_pb2.py,2433,196
0124535c273edbda466e482b50a7fc2758910d7ad4514fbc89f590809833c7288d7b33b9bc04c3fe9e01f3dbddfd0c2babf872d31f761294bd20078d7c5fd107,decompiled_fault_instance.cpython-312.py,fault_instance.py,8986,420
00098a2cfe219dd4d159a501c3e46a853c3abb74858291021d80049348f20387d7a4393d04d6fa393f8f29f2a3eb4c6003d88d3815f114c99e4f4184329d9679,decompiled_bigip_firewall_dos_profile.cpython-312.py,bigip_firewall_dos_profile.py,279,305
0165dfafbc95dce9df4e9493415a5692792372bf0657b8e5e32c416152d39fb4f6461ff8157a7ca1b10e638a8d297277b06af10a8a008f99ae46f9a58f2f694d,decompiled_bodyline_response_py3.cpython-312.py,bodyline_response_py3.py,326,1
00c0d8f9aa96f2cb13d871241917cb5da7f90dc2644618b107afee158fbce574dbf486503b3e002ec9cce83e0a1817eece63b866ed2808f632813c134745d2b3,decompiled_ECLAT.cpython-312.py,ECLAT.py,401,398
00737163f99e87866ad871ad2173fb26f775d15929ebd75015af15045e42b5168a221cdccb68dd74d3fccf4bf7b85701de717159eb8a086e05db30fa05966faa,decompiled_rfc2576.cpython-312.py,rfc2576.py,3267,2469
003626a3c6729f6a05e1465477b7054ba041b0faf44f48a8544f83b06637a842e69e1d77794e915828f6e5e2dd4526e7fa97445b6070bad7eac5c805a512f38c,decompiled_ZTFForcedPhotometryAlertSupplier.cpython-312.py,ZTFForcedPhotometryAlertSupplier.py,204,202
001191e9e384cca14f00a4fdf3565fcae3843306c15189f19b8fe91c5dee8b532a0e7d3a864f40e727b233393f770755d8ef29e9b51eedca72ebef0ef0723a0d,decompiled_network_security_group.cpython-312.py,network_security_group.py,2112,2141
00ee03f4ee5d9e0e65cadc90e56e87b4958b7fac62a09eda5a1625e4420fbc4ae57671e74cb5e2153981f7bc94911e5dc43f746666bef4c9e79ea5eb564c8847,decompiled_cfg_validator.cpython-312.py,cfg_validator.py,80,113
0072d2098488e68eaea10183d26222d77c52f7b42aad22626d9da020e2e3a167c0a2abfa9f9b763d2e13b20ae6b280c6f9c9f481209e71964f104d8f24559249,decompiled_artemis_helper.cpython-312.py,artemis_helper.py,418,459
00b5598cc6ae7f09007afa3e426e8bff6f65736a21bda86f42e3413bcc6c454cd9793ecef0985307e968a17b67cd77f85c00a86ab5b15930ab1d172a8101f0d2,decompiled_usage_meters_api.cpython-312.py,usage_meters_api.py,12929,257
022631a1947e1b0f740e36ae085e31ae0d526a01016ba67cb0181ac70b81d4c4fdb903cd5bad5c283dcc021995c2cc8b828e8e6f136385c4071268e797a044ab,decompiled_purefb_connect.cpython-312.py,purefb_connect.py,833,15025
00306991c38de6e11b4089e56cc9f8b6f33a18cfff04b2952cde928155271b41c6ffe704eabac26abf56b980652d3ffa465b11a9d928500b78ec6c77367fd4d1,decompiled_doclinks.cpython-312.py,doclinks.py,378,461
02e9385981421dd3370fb12ae2d83d5842868f7b13aa3d768871e427c6dfc2b453d4ab09976a081028c0ff2f65ab19b7a0ea278229aa8b27c5616d9b1961f177,decompiled_rate.cpython-312.py,rate.py,2015,2095
01e705c887afc5ce093284c1751304d57875a08de260b2309c59f38a4899376644397f44041c0f73187eecc5d20d4b4e903550a419f4163b98bf7f5cc95721af,decompiled_tracks.cpython-312.py,tracks.py,437,415
02d5e3bd01a7c08fd3d22311d3e833802af85973b69acc8b0fef3cf7ecab8ac336e609f0f2cfedf2731765f207b3792f96fa2b6291bec243ee5aa4885c6b0464,decompiled_pexpect23.cpython-312.py,pexpect23.py,3798,4106
00a26a721d6e9925854a9565bad69218c3466cc499570f59782f1d96d338e0e2c580f796a6b56a728b1528b12d2bb2e9614d80c6924296d77eddaad4a40797eb,decompiled_process_coco_few_shot_json_files.cpython-312.py,process_coco_few_shot_json_files.py,445,377
019e2cc835355bce650db4099704695790b034ae1db97d01a4de2da5498314fe86654dde74e20a312dd684a6fe8339e784c3ec882ec25296293a112358381de7,decompiled_mediapipe_unet_mlperf.cpython-312.py,mediapipe_unet_mlperf.py,375,371
02ba12b1d4b00370636873293099a0e652d5401d4313dabb4396e9bbc691d6f7962d97dd4dabd0a0dbbee7801d7759bb18688956b39461a23baea0b8c869d6bb,decompiled_stock_storage_location_sequence_cond.cpython-312.py,stock_storage_location_sequence_cond.py,192,180
02db168a0da50858d94a62693168d955260e293b74de925e5880e9abfe82b2ec08583e154f6c94a50ff77a989437c5c928b323c859de1b2f1353a4f2d7d23bf6,decompiled_ssm_parameter_helpers.cpython-312.py,ssm_parameter_helpers.py,155,149
0162a436555854a1adc38ef5256833cec15dd9e4b70da51823c9637d72e3b70976df6c86c98f8642e74d1fd8e6866c86d94305adb5d279e4b1f1bd62c5025b6e,decompiled__component_validator.cpython-312.py,_component_validator.py,1219,1574
01d10717103bd99148562f4998b6111937cc6617e8979c5522b05be74fc29783249145fc2db9f949a9ae955d7cfb48c44978757d6a9098331f5b2eb6aad76a47,decompiled_apiresponses.cpython-312.py,apiresponses.py,984,65
01026395e7e173a3022d4c6afe3ab5622e8e0c8b14e712277be0c036b2d204d29dcc54bd17dc43d778f63085116155c7fbe24ecd8e78010f208e80da782d967e,decompiled_EvnDispProd5SingJob.cpython-312.py,EvnDispProd5SingJob.py,46,3789
00503105f5c866d903113e5d1d53c5e555ea39f21cc88a8bd5d6e5e192450d4ff2417ec3cf2816008050b58c2231178ad13b066ba178a1a634c87a3fd41334c3,decompiled_hovericoneventfilter.cpython-312.py,hovericoneventfilter.py,16,10
0294c7db4028ac3972038eefbb9d13cfa07423c1736455b857f8a6aaaf30a85db87598f189fcb018ffa2873804c9501bfc304be6183f2111afb40bed84e18e61,decompiled_cambridge_cxa61.cpython-312.py,cambridge_cxa61.py,146,147
02260651846060094cb2554b62f3585d166708684c18776e97c2251459c2b117c6834311c6ce1c1752b36192bff96f5a39653f9f7c46e95a89e317e9d9b9b219,decompiled_x0ff.cpython-312.py,x0ff.py,1092,1098
file_hash,decompiled_file_name,raw_file_name,d_lookup_vs_decompiled,d_lookup_vs_repaired
019ad5c2db955ccc7701cefa68abf54203e07f121ffaf559b4d4cb109108819fe740f4c20a4cd631c5dc20edacb579719ca43c74363140b20277c9dfc1b2e92e,decompiled_Environment.cpython-312.py,Environment.py,2252,2768
0252979f6898d100fe37071e610c86cd697b92ab7b1da3e04bacb16104381863070fa7755bbcb7e16e3f13332ed3245682d94df0c7a0cc9c5418b71f41658234,decompiled_echarts.cpython-312.py,echarts.py,5866,5831
01c3c53c7f99aa4b3beda3716f40cf8b3097decc8915e4da6cd371931be4e510480aaf9a6b2c49826915e355f08e7a48e05d4887a7f459b2640303adf171bfb5,decompiled_test_prefilter.cpython-312.py,test_prefilter.py,69,69
02eb5917745fe7374ddf7e8dd0624123980a6a6db342229550b05cd16dc4eafb062d94d430826934981a6dee4382b43b85583ca89f883de4657318e6f2506462,decompiled_A_68_02_8.cpython-312.py,A_68_02_8.py,1427,1425
0140aff95b4bfd3f03e562aed097d023e1eee322544c65441ff640990b8052e223058c10551fd1b18800936eef781f279024757f98c4404238541939d7ac0822,decompiled_automatic_workflow_job.cpython-312.py,automatic_workflow_job.py,40,165
01248edfe13e42cdd135d46699b2bf98b0297f479ed5e225814f124e15154e01c3c76bba93b07cd83f2b370f92785316c56890d5fa573f76aaf00bb4636d77bb,decompiled_managed_cluster.cpython-312.py,managed_cluster.py,4712,6590
0184e3785a5571f527d7bbae88b18e447ac06b1efaefb0626a8676c31fe9698df4040eab96479c29aa8904f4433918ad1cbe24f57b8b5f493330ee02f9fb39e8,decompiled_common_recovery_request_paramsae1b0dbe35e54e869ddd_fd34af026fcb_couchbase_params_wrapper.cpython-312.py,common_recovery_request_paramsae1b0dbe35e54e869ddd_fd34af026fcb_couchbase_params_wrapper.py,449,228
01a796efdc52757ef5ba75bbe0b93c1cc113ec5536cecc9be7dd247477066edaf2834ecc2eb40b837b3869920d611f4c1a8f8951d4b0a1a8597867032c7a8fb9,decompiled_artemis_line_transformer.cpython-312.py,artemis_line_transformer.py,580,994
009caeeccf4c63851cae471e21ebf4db2d651ef880073af0d08addd400d128128918d8397f82525d5b6b646915ebe1ba9cc234ec025a605cb36c085904ef9eb8,decompiled_molgan_featurizer.cpython-312.py,molgan_featurizer.py,475,1191
005055d0ed6be8bdbc7969d7e67c393c48208ddb1b96d7e274bbe90347cccac26b3d27b6eff66831b9a645e4bee0ae7b76e4016746732881efefcd003fb5ae08,decompiled_mangas.cpython-312.py,mangas.py,251,6223
00416e0a2ee2152088960cbc8db1be8544d9824db499b007b1e7f1b374509cc07ca0edfabd4ab25caefca747ec74c22b18626107bde37100bfc86c9497f38265,decompiled__diagram.cpython-312.py,_diagram.py,1985,2146
02e9636e4ba14a9c3ba42517c0ad9f12cc8f8e575235e2f48c55c7d7e21ca926a1ef4eb8051b63113f02777ebec9d35f054fdd1a2a52f5fe2136a299d793cada,decompiled_testconfig_febee2e7555468fb1e1b7adf82d645f2.cpython-312.py,testconfig_febee2e7555468fb1e1b7adf82d645f2.py,7595,5436
003f4c300abb4d90f924b18a2eb3c0f19642ed1c08f1907cc4267b140189c6d7f01537bb6e92d5cb30024fce6e6b363b650dfb38354915bdec8076e934a19933,decompiled_test_scalarmath.cpython-312.py,test_scalarmath.py,840,2445
02508526ef6960d1163ad16d87c8c3baa1d992f4c6cde02bd712f010b731392549c89328359e772e537d31a4597048cebb3cb313895b87f272c40ec6c5a43c26,decompiled_dynamic_settings.cpython-312.py,dynamic_settings.py,1428,297
010faebe3b0c90e01be92b67d50b7ba003f10486b37db2e2aff92e0fb7049b43f26ac5a91b9d5eee940eaf7bb60f31f0a78017c0c5ae4c8863e93ce69912245e,decompiled_route_table.cpython-312.py,route_table.py,1489,2642
012faa6bc9ff1856da6e497129db5afddaa78d9560a4dd09e2891f47c21b7cccef0d1eb8e9195251fdc28692991c2e9de565eddfd7fd5a3d8699b202b666ac73,decompiled__network.cpython-312.py,_network.py,676,3516
0011951bd79b74c763afe50ce3d3d8bf6f422c5f03de99dcc2605eaa87e8565615e14f12403524148044affd5957a86835109e67b89dba469723f8e62fbfe788,decompiled_UFGrowth.cpython-312.py,UFGrowth.py,476,2548
022f296dc12b9615e34d56b3e3976ba95a114b67a94d4ffbc71c4a19d793a053fa2f35d4936e16de8fac6e186f4548f161770789e0a4cdfe40203cfa684b4eec,decompiled_audio_separator.cpython-312.py,audio_separator.py,108,165
026221e388d7e888cdf036358fa4c5685134da7e1de90d1102e44d9f36b3ba24551e904a75941e3902ee4f14129d1825bac5117fcbdafa3b33462d8dce6600c0,decompiled_snapshot.cpython-312.py,snapshot.py,751,1409
02b056d9d9250347e2393e2c44d8b0e68b9b4c2e2016da7e31a2166c5040aa2e47c7fe59ce19b84426b07e1fa70fac0402608ceea927910cb7d0f5a22197a134,decompiled_sequencer.cpython-312.py,sequencer.py,35460,33210
028315c92c1e584bd6125abf149d780dbf3a1c99743d588f05b44233f2493c21f16ec7eb74d33c6f47365d7f50f35fd2ee83b4c6b1f80dad8695ae03d2a94c8a,decompiled_fs_abilities.cpython-312.py,fs_abilities.py,1314,1090
028baef3b9e1b9a7035ec2cdb72f91566e7d2e0d164e3cad1efcab76bc07e551db38a8003102786bee319142ef333f348060d4c20b1ca12290c77580818a56b6,decompiled_DRB1_0495_9.cpython-312.py,DRB1_0495_9.py,1530,1527
00d02ddf5fa1d27340ab53771d6982cb033ef36996b9d66845a81187e8d718b5347f38d8828be8fa33f4c326af691793d3c3b5b3bca58c21d9f01617c6f324bf,decompiled_chunk_generator.cpython-312.py,chunk_generator.py,1426,1433
00eabd530f4d2e63f9c98621eee1893d4df762b90325e34cd392c9604c2509302b477954664a87f7dea4c3fc307c562a0b44c87e475828cafd83b4c7fef400b3,decompiled_cdb_mysql.cpython-312.py,cdb_mysql.py,1111,1097
012e59fc4df4e7a44e989c7185e8d68d65c1af2820ff7c4ba1a619d5ba927c580b04145230b4f0135799bc59f31ff946b90274c9d23da8332524c89eaa32309e,decompiled_retrieve.cpython-312.py,retrieve.py,566,554
00b6e2128ff61a0745663626feefc13e9ce137447118cf15be7d47a9f182b358322ded590b59fca569107da850cefc2410eb5add07886fc3d93b2a54c8fa561d,decompiled_timer.cpython-312.py,timer.py,3180,3356
029466297467939b9196201b5076a949197da38fda7e8cc4b944353da0e1ab55020be1918c2cdc2ceb60d09a98f1502fb9e8519d51375cd8dee3c8e51e085ada,decompiled_html_parser_bs4_concise.cpython-312.py,html_parser_bs4_concise.py,3843,3888
017e619ed8b968765fef64452009f10c183a09e64acb5ddc27d061f9c96482e96740c2be797e2389356fec7cd6c8ce0d5c3749a98e3bbf547e07e4db6339c30a,decompiled_vendor_contract_response_py3.cpython-312.py,vendor_contract_response_py3.py,77,1
00987483b92b457cc2b589f526821903325db983953753bc0df2b83249a46c79e21fbd51c467aee9a636028e6f5a80f18c0caebaafc9e45dbf0d4211743d7f7e,decompiled_lanepoints.cpython-312.py,lanepoints.py,812,1086
016fe0977af3d536f5de4a8e6cbfecf98c30c34ab8e777a16f74f6cc868c7f487f087ba503acc9c87c5f2883e1ab4b4fadda08cbc2fb0b5b4d0ef9f4fdd4b62e,decompiled_arpes.cpython-312.py,arpes.py,2567,2579
00fe763515e346df01733fce8601b605ee70dc037c1584f9dd4ed415c33afb0d84d305c05cf30159d5c5e6b65f995045cc62bae4f7698b4ba4405c353d101ad6,decompiled_test_ssm_boto3.cpython-312.py,test_ssm_boto3.py,4288,4351
01e2a39a0dfcbbefb99bb7f0272ea23f6e18dbb3cb298f544bfe1936e617b3afe7cc25b4320b5ea40c64a054f7b24b5b86949d3a8e7beb9e1894f0ba3bb05192,decompiled_lines.cpython-312.py,lines.py,339,84
00ea4952d5c59ba6e2bc29d63c509b7d2cb1c7b34208997cf5a9edf3d575396f6d6dd8e52f5935abfc23c3a074c2c200e15f8a5076bb43eba93c171c23c36ae4,decompiled_accents.cpython-312.py,accents.py,914,913
00fbb8f6968ab2e546230bac94bf1949b7f7ed74fbf80339b9e5b54f9d1bc25de093ff481433a580bf876235d5e2eeb729dd90414cfc6844258f4fa76577ed16,decompiled_test_release.cpython-312.py,test_release.py,2069,2060
02221332d5c5b39209269ade230a8d67e07a8a45c572621d7ca90f2bb4747c796a50ad80c9c7e75e322fc160429a44d6626841acd2582e56a7e80d83485473d8,decompiled_comfort_mapping_entry_point.cpython-312.py,comfort_mapping_entry_point.py,226,161
00ac4e89f42ff541551a782967b6e17620e8d6892b6ef52b9e0c54d0e54f725b1acc904d35e5e64cc4dd2b37b4fe5e692bdaae12fdc6933b8dadccb5c7cad137,decompiled_tk.cpython-312.py,tk.py,146,145
01c8d3c24ec97f8a36bc0e0b020da709599e4b63b6ea50753bad1cfebbc18f6851929cce761edcde57bbb6431101aa88333df1e327d229320fd320b88e245009,decompiled_add.cpython-312.py,add.py,5124,5237
000d0b32f11e96ebd2b97c16588955cfcd379785218a3f8d994f7844feaa421f579c4e2d861d868f409cb732c0065cb1ffdd8689a8a0f69d570b628da320be04,decompiled_items.cpython-312.py,items.py,4014,4018
01d15ac3dbecdfd8fee21f06d2e594daf48c9f5e8863ccf4e4961a64edaaf0e2cbba6a3188d2dc4bf93d8013632103e92695b2e9d3237ed62961cc175ab86ab0,decompiled_test_units.cpython-312.py,test_units.py,18039,18039
0200b1b2d80fd2e3449be68624c21348d31a00086e90d2b71011888f5be35113ecf9167fa7399c926ed259aa9c64dd5670f2222f74e3deca15858258d4435596,decompiled_express_route_circuit_peering.cpython-312.py,express_route_circuit_peering.py,6614,9409
0193ea8b5b3739062ea740762fee6392474d9d7ba2587aa2c53428af4051e79328b83af7bdff36616271c0d730cf67719c8bc3c81c88bf279082e5f563e2e230,decompiled_basic.cpython-312.py,basic.py,15718,15730
0291813bec59977737252464780544abf9f08c1420a3338f5b419a97ddac0f90b6d3b83061e64b41f18cfd808b5e2d765221a724441355703129eab0af444eda,decompiled_api_management_service.cpython-312.py,api_management_service.py,10553,9058
00840fd0ef6057100c2733cdd9ae8a522304412f479d5abf30f8d1ee0c370de87e03d9a7e135ec463f879aea250582790d73030a73437de8187124a10b4f3c64,decompiled_tabulate.cpython-312.py,tabulate.py,4102,4127
01d57caecbecbfa42946fe714987e8cd711b2e113e16f0d656560b801a806111854fb66a45c1840d36436aaacbfcc5f433a23d27639dc3e5a42064ddeacc9788,decompiled_requirements.cpython-312.py,requirements.py,3227,3230
0205f113f1964536abc249c222ceaef3e0710b48db08949eb70242337c7c2753a558f23d6cb421b312feb2ed2683f35da964217229c0d0775a1343dcaadf899e,decompiled_bookmark.cpython-312.py,bookmark.py,4539,5301
02cb573e252c283443dfe71cbef30b2f8f9cdd2d8c54ddc11f63971da081ce7dedc62ce1f9afea84fe299b27dfc31aa8cd6fad3dffb596f9f9180e00a695736b,decompiled_protected_item.cpython-312.py,protected_item.py,856,2332
02e2a80182ca59d48fa4823ff164d8b85da6dc4e46667028020cd80c39965df56acba8fb69969ccb042ca7d76a6a06fe371e9ff645318e48a412773cf144e779,decompiled_express_route_circuit.cpython-312.py,express_route_circuit.py,8276,6832
00929e80287d03f37172dc8f53dd8c890a41a427bc807a667553fc4fea60d19d2a103a0144639d7afcc17fbaf5b349dda6b5afb4a733557084d39c6abc3f2791,decompiled_execution_engine.cpython-312.py,execution_engine.py,14706.0,14769.0
02065730ab8807f0f813d7e9a2230dfc9d26ecb6f7dcd1d61d7cb9e87c783c0c59afdd78e455f348c2957e5fe525186e32f9bd30fc37e5c2c35c5de8bb48e09e,decompiled_resource.cpython-312.py,resource.py,2963.0,2927.0
0260b5de6ec9be365f88582c512aa14718ed26ba961c6deaf2d84ebdeb8a44ba5179e00f2c7d86ce72f3f7c569d72249040b07be2c3e86047c8993db89a77f2d,decompiled_system_topic_event_subscription.cpython-312.py,system_topic_event_subscription.py,1519.0,2381.0
00458dd69657dc0cef523ef230b3f3c2e3c842dc033b328bb757a2f5f79bb6a30f4fbeec722b3fc731325bd50a5da188415ae66e6c10f779274d617c5ecdd30d,decompiled_binance.cpython-312.py,binance.py,147402.0,125243.0
02c72c74668b5ec2e8bedfed7416679796780184dcdde0b32d39d52fb5e754c1c3ca6d2c643e786367b7210f9aefba61dd5ec24e12e82419ab679b0bb96d45ad,decompiled_columns.cpython-312.py,columns.py,8667.0,7690.0
01699af8bba5f4903bf2b574194d0434102a2d2289e8b6366d58a43f8ce32c61e36839a08483039b3880d14ceba64700a66cc97f30282949f95b6054d086d193,decompiled_route_filter.cpython-312.py,route_filter.py,3085.0,3100.0
0049c1c32459bcd9a5b4352f00a9fc7077a80d7ec06c4e599ac90b66a9096b034d74b39e69be7fd52a52f631bf9ebf256d8dc406c05df7b6d7065472b410b076,decompiled_locale.cpython-312.py,locale.py,450.0,468.0
01b43394cdce27a527516746c1b79c2dec4e967d3b7b8daf910b218625658623f0f49fff609ea53f971936cfd2554912d248a4febfb822db675be63551b0392f,decompiled_websocket.cpython-312.py,websocket.py,8045.0,8036.0
01cdfce25e1cdf88cff811f8e731efd98b6ac073d8a7f1e0f79b5c44c434d18b0335d6bf7c0ddd964a4026f5fa08e5fa02ac2ffa3134f4426876f1b7b47ecb8b,decompiled_event.cpython-312.py,event.py,5728.0,5724.0
00092d7ee378119daaf3e2065ffa82748ff99ea3aecd35a23afb68d773c716c456ff3563c0eff34b39cb7a2dc14e7aeb4b1fd9790b6cba06688d6611ddc03dc6,decompiled_feature_converters_test.cpython-312.py,feature_converters_test.py,6563.0,6489.0
01aad705ebc72ec387184d876d9a627a1604aef54d641ddabe117677203cb6505c5abe22e846e33f29a000d19082128756e780a9ccc6520f4382083c81e45a21,decompiled_result.cpython-312.py,result.py,19327.0,19041.0
00e60feb040886253dc7efac8f72a64b557ad6fa360896c2e2213bd41187136f283d66f294deec28184ced22ef3acf779a340dbd8344d4e9ec80ca5b8f477cea,decompiled_xla.cpython-312.py,xla.py,12102.0,12096.0
02aca2476d429f1f486524891c4dec53de9699a159ec08dca99e9a7e31ceda3221cdaa6f2f27b4ebe5ec7185305c75b34f0609a32d8f46640606dad3d0ec2902,decompiled_api_client.cpython-312.py,api_client.py,30259.0,30237.0
00c3dfe645940259a2928cf8f73fc196d7e2acfbe58270847c00a203b767cb63069c4be1adf87196b04f9ee131186bad9931c2ef291671ff0294c2d1fb3e5766,decompiled_create.cpython-312.py,create.py,4194.0,17655.0
02e0fc4e5296f5e95cb7f9832f274b39b2fe7cc548e556044664ea0166104c7e366ad725a0e7d5678c64ed55ed5bfa344f180e2b64c12462eafd8dbb6827a5c4,decompiled_interfaces.cpython-312.py,interfaces.py,6160.0,6205.0
0266e35bd77995ab1b6f9277da1d8ce9b16a5bbe56b46d62020d395669eed22d02be1846678d5765793f17923dc277ca4499e649e217d0a5b03fc797eac08b71,decompiled_maintenance_configuration.cpython-312.py,maintenance_configuration.py,1365.0,1468.0
013a48eeb965cbb0ff528b4d8a1401ea9ba5d4bef89ddd293c64d07bdb40b0d517f26ca1e82da842a4b4ba34d52ac20024f22dd1fe111b1dc87f6110135acce2,decompiled_docker.cpython-312.py,docker.py,10972.0,11002.0
004c347a858927573b7c5a94a5fab67a632861987b53e255e3faa74699547a6e5ead91a14b42f0b9d6e9727170364206280c2639342849ab22d218d51f3d3b54,decompiled_diff.cpython-312.py,diff.py,1787.0,1793.0
01d66ffd05bb86c2fc059d9642dd0a4452e6e7e56126ca965ae25eff6321d8b6afa1c4c72d83035c314fddeb077d24133b6485ef4ca68bc7cfde52e68b8e28ff,decompiled_misc.cpython-312.py,misc.py,10506.0,10499.0
00b4c18da41b512c53c3f8501a81be765554aac80e6d555681230951221ad9f5b130b34e591fcaa83320d5e5119bfc3e7099ad5c90febae91a32dd08626d0749,decompiled_tools.cpython-312.py,tools.py,22079.0,22089.0
02694db96f991d3011b7891c72f30ee709694a07e5f368983b9a42b547ac90b811f7c7f0a55b8c4e33319c532163d0ad16afb4969dad397ce88e7be21a35e0c0,decompiled_branch.cpython-312.py,branch.py,11425.0,11359.0
011e4c8503639d423fe3a29156c16b0d47fe2ff34152e207c5d6cb208d3307bae3763bfbfbd66262928c24e5e0d5468891c134d63cbb42faa2b9b775aca5b440,decompiled_certificate.cpython-312.py,certificate.py,716.0,1252.0
014e4c70e8c00666d54e101704c5f4fcd1aaca00b5d842b1c4443bce124582eb88bc1be2bdfd14a50d1492aabffd509d39430f001b273cac414b5ffafaa94c50,decompiled_logs.cpython-312.py,logs.py,,
023761e851273890ee5c2bfaa0b0056e9d113020e02a452ad5928e34ac6e1168d71315dcc9374b03ea3227b0abe202a1d3a9d4251fb5a1d2ec06d4041d36308c,decompiled_providers.cpython-312.py,providers.py,10230.0,10225.0
00ef07d745a880935a1f291e4c27b5f3c60c997ed10ab845e531f14ac3470435531a9ffe6cc2687987be69a039c082489084f43dd186e9389e7d6302a23746c4,decompiled_server.cpython-312.py,server.py,13430.0,12856.0
0230b0e1e5913b8566c2929febf4b20e12050fd8b7251df041bc604ccb71d67625a12e0c3dd8dd350ed917b16e84ce388a87efbf5e7c9cca56ee0641bbb973eb,decompiled_test_api.cpython-312.py,test_api.py,16493.0,16459.0
01f2704e17d88f64acc1c40c38b853db203ecbc34c016cb0119a0acf600a03d60dd3711bd33b8d15f33e6160958480b4cb72c90673f6c359757bf04927d3f024,decompiled_agent_pool.cpython-312.py,agent_pool.py,43552.0,42307.0
01bfc1ca886147716dd1bd84384f290f90c1487f48c2a7ea9a4f109534a6e4f0d6818869e0b4b6e8ad96376a92e597846c0d70c568926cb1f25e69ecbaa367f1,decompiled_mercado.cpython-312.py,mercado.py,2634.0,2617.0
029eea43f4e43f9e06bb68b21e7e6a832676a9404ce6c1780f8e15fc0d61a85e79f4515c56c3ce83dbd454a84e59e6267c21229487fba6e1a136c6fd71dab17a,decompiled_security_rule.cpython-312.py,security_rule.py,6181.0,7078.0
020020f0d5e0eb5bdb36051889e9fde580daaa6f6ad5014ea85d4e4ae89d7202312e0324272bb50d8a71288fba171902e7c7b75e1d98d1b399a221c3d4d05fbe,decompiled_fields.cpython-312.py,fields.py,33541.0,31822.0
000d345bdf406b31ab90df695f832e31e4509d357faa4693da76618bd1231a8d39b48d00b4a69622dfce9c92a9df2048272cf03e0598500278a31fc80a74b9ba,decompiled_bitmex.cpython-312.py,bitmex.py,7889.0,8076.0
0159c03c07f631ffe3e292b1ee02305ee179428499437d3669e6b1d7a33552f61d01a47073dc0ec906fea3494361b73510efe78e0477864c69da840d75aca604,decompiled_functions.cpython-312.py,functions.py,4799.0,4793.0
005815b30d3dec1f873c4c4213947074d9e7004cdbd2ad56ef9dd757113bf395cbf0c247d00f53dbf218965a6d038acc31df92d46aaf2188a24260b7675861b4,decompiled_indexer.cpython-312.py,indexer.py,7551.0,7951.0
01fc1feafc263f769c5eaad8fbdae170cc12fb89bd428ea620a9af99ea483252c452b19e2bfce4dc74cc2d71035758b556747512cbbdfc39c35a981f3bf998ce,decompiled_files.cpython-312.py,files.py,,
003c4866d18ebbacdb8ef5a6cc1eb86770dccb9abb546d0e57767bcc2cf2357c7e5bbaea0ac1fcf70583c1a584300e82b40a0f272b4a58bfbac18ffea9f151c5,decompiled_vpn_gateway.cpython-312.py,vpn_gateway.py,2861.0,2867.0
0091bb7fbf725384f9bba69d1f5f901ae24adcaae454d78c2ca37c6902c37c1a272bd35d424dfbbe48c4664eab5786e0eb5862a875067fa5fa8482771ce1276e,decompiled_cluster.cpython-312.py,cluster.py,34153.0,34348.0
008ffbeda19d412e39b24dc2451ff1dde6a082537595bd1b1218e1054f24f17f5f2fdce38b84731867c5f2f76bdf12fa1c68f34b2b047731d322c413eb41ee02,decompiled_environment.cpython-312.py,environment.py,,
017987df7ef46392baa7aa7dca30653a84775f37ae78863c6f7e9f24ee7d904a19187a30e6c92f477b58d08b9d5e26c4786c9e1f04800f0d4b278808647263e5,decompiled_enums.cpython-312.py,enums.py,23605.0,37684.0
02eeaea0e1a129ebe600cb8069689e07d11d41bf5ad3ed994aec6b6cab03f5dda8a2a8e6357da4302bc638dfcafbae508ae8732888bb9e72bb3668112866df33,decompiled_handlers.cpython-312.py,handlers.py,,
007dedfebc213221d99d88b9f3f22444f0bd880a7b233ccf25ce1ae7f0204585f9fbddbd7945438363628535cd67cbc66acfa716b1e43e22686fda8e8903800a,decompiled_models.cpython-312.py,models.py,10638.0,10065.0
0145e24fa09f153d7b733a8515d6506d77d4e9245cf3229874a835cff3ef4bf7841523195f0258a10636a814f6cfbc4a4d271696d60731bc3c62871f11032851,decompiled_parser.cpython-312.py,parser.py,20272.0,20288.0
02baa409eede09d23f92d2c23911f35523e144957c03d3de81e5f23b02b0b56fdab832b61a3d512987e78d63b417bef0b5a29d2ea324018ce9d98ba78930e90e,decompiled_train.cpython-312.py,train.py,,
0198f5507a4d17c35532b6c3d55b5ba83a31c157fccca31c92df17e60cccab650e00ece0454909e5d31fe4713159fa7d3828fdf74b8388615f10e8d26e011371,decompiled_get_virtual_machine.cpython-312.py,get_virtual_machine.py,12006.0,11874.0
01854fbf71764ab02565eea2fb1adf06b1d76d73b9e9d2ddf6262c459e5705424eb901e836f2ffcefab481bf24da144ae291a69165dc4c1551943714dd6814c9,decompiled_const.cpython-312.py,const.py,6000.0,6070.0
0120cb12b320908b79891add531d82afad065f56a044e706f121f2454a04b81b146638e8576fe983e3ddce557f3011734e4c3ef8afd5ef0fdeece912566fa6a8,decompiled_urls.cpython-312.py,urls.py,1144.0,1115.0
00dbd7e6a4e3cba0b7aebf59ad0b208e091f87cb851a5895fe7e3641c7031f3d0bc73372987a8ba34cc1c683bf231f0c0b03e12e16c5eb1cb203118871cbe7e3,decompiled_exchange.cpython-312.py,exchange.py,49172.0,49365.0
02439a0892576359290cda6ecdd77983b95e44c55cea5c5d0e5b8c4a0e95dcb84c8549ca2829fe172507fb2d13884547de9f15f0af5261858839949ab736dd6c,decompiled_queries.cpython-312.py,queries.py,472.0,404.0
0233993dedeaa9aadddba7824abd009455d1843260b60cc48e3f1169a61e143dfb03232b92c2d4a45f0a4296ffa897ff74b1ec4cba4bd859adc1fccc7e3db478,decompiled_domain.cpython-312.py,domain.py,11628.0,10290.0
019e8e6a12df417f798bcb4a0bed9b98cfd93d5fb93bb1be0077cc4c49719e2061abb903c5e3bb10ddf1213d084494b807869f512e873df19c468ba96d514eb3,decompiled_constants.cpython-312.py,constants.py,2085.0,2085.0
001709536658c0d399f5f5ae9b6178a0b28b28bddea312df2efb55c804785ada4f7fc3436f1fd63cb9101af46a5a593f82cdc1e01f1e8d7fa405ecdb7cb0addb,decompiled_utils.cpython-312.py,utils.py,11321.0,11321.0